{
    "k1": 0.01035395016394808,
    "k2": -0.12079543212923331,
    "k3": 0.1764104179585416,
    "A": [
        [
            531.2954568833765,
            0.0,
            368.7034596352787
        ],
        [
            0.0,
            537.1083770741644,
            285.30552146583534
        ],
        [
            0.0,
            0.0,
            1.0
        ]
    ],
    "R": [
        [
            0.9999884696297955,
            0.004795983960691974,
            0.0002431980846524858
        ],
        [
            -0.004795966486043147,
            0.9999884966667086,
            -7.238591522707966e-05
        ],
        [
            -0.00024354244875227231,
            7.121871072721286e-05,
            0.9999999678074849
        ]
    ]
}