{
    "k1": 0.007952968895758977,
    "k2": -0.05606513699615631,
    "k3": 0.04326875286888219,
    "A": [
        [
            402.58686882430754,
            0.0,
            360.6813410140897
        ],
        [
            0.0,
            408.23041263302366,
            288.4651622516969
        ],
        [
            0.0,
            0.0,
            1.0
        ]
    ],
    "R": [
        [
            0.9999779320997684,
            0.006604181334227224,
            0.0007211812363554273
        ],
        [
            -0.006604061098921545,
            0.9999781786742632,
            -0.00016897427286140005
        ],
        [
            -0.000722281435963552,
            0.0001642078190057064,
            0.9999997256726221
        ]
    ]
}