{
    "k1": 0.11318305215994667,
    "k2": -2.062724389103778,
    "k3": 3.524571258159984,
    "A": [
        [
            1097.936349880086,
            0.0,
            367.3061403998278
        ],
        [
            0.0,
            1101.077112746491,
            297.01239476823474
        ],
        [
            0.0,
            0.0,
            1.0
        ]
    ],
    "R": [
        [
            0.9999642589747042,
            0.008447439393865115,
            0.00034862710410919697
        ],
        [
            -0.008447222679182888,
            0.9999641303103718,
            -0.0006184833305612913
        ],
        [
            -0.00035383919941420607,
            0.0006155162945525214,
            0.9999997479687243
        ]
    ]
}