{
    "k1": -0.03582050027580271,
    "k2": 0.5097781349771535,
    "k3": -0.5389990014101691,
    "A": [
        [
            1672.7916074849265,
            0.0,
            1023.5988841090232
        ],
        [
            0.0,
            1669.1042294783504,
            791.1598404854037
        ],
        [
            0.0,
            0.0,
            1.0
        ]
    ],
    "R": [
        [
            0.9999531844669254,
            -0.009676201429160307,
            5.97892918699786e-07
        ],
        [
            0.009676200496887832,
            0.9999530569153396,
            -0.0005050837667767267
        ],
        [
            4.2894274141674e-06,
            0.0005050659063426948,
            0.9999998724450074
        ]
    ]
}