{
    "k1": 0.058266130077592265,
    "k2": -0.7376859514078431,
    "k3": 1.4763546094317905,
    "A": [
        [
            797.5687817265859,
            0.0,
            355.995051419691
        ],
        [
            0.0,
            801.2845864323433,
            292.5052865110514
        ],
        [
            0.0,
            0.0,
            1.0
        ]
    ],
    "R": [
        [
            0.999999977393284,
            0.0002122290445725767,
            1.3124946852988525e-05
        ],
        [
            -0.00021222925094600362,
            0.9999999773557445,
            1.572435999352871e-05
        ],
        [
            -1.312160938988565e-05,
            -1.5727145135692124e-05,
            0.9999999997902401
        ]
    ]
}